{"is_source_file": true, "format": "Python", "description": "This is a FastAPI application defining a web server with CORS middleware and a health check endpoint.", "external_files": ["fastapi", "fastapi.middleware.cors"], "external_methods": ["FastAPI", "CORSMiddleware", "app.add_middleware", "@app.get", "health_check"], "published": ["app"], "classes": [], "methods": [{"name": "health_check()", "description": "A GET endpoint at '/' that returns a health status message.", "scope": "", "scopeKind": ""}], "calls": ["FastAPI()", "CORSMiddleware", "app.add_middleware", "@app.get"], "search-terms": ["FastAPI", "CORS", "health_check", "middleware", "main.py"], "state": 2, "file_id": 2, "knowledge_revision": 9, "git_revision": "f7fae0715c402c9dc959c8fed9728ffbd07fdcda", "ctags": [{"_type": "tag", "name": "app", "path": "/home/kavia/workspace/code-generation/simple-to-do-list-311631-311642/todo_backend/src/api/main.py", "pattern": "/^app = FastAPI()$/", "language": "Python", "kind": "variable"}, {"_type": "tag", "name": "health_check", "path": "/home/kavia/workspace/code-generation/simple-to-do-list-311631-311642/todo_backend/src/api/main.py", "pattern": "/^def health_check():$/", "language": "Python", "kind": "function", "signature": "()"}], "hash": "58352bf5f133908bab16643199aa483d", "format-version": 4, "code-base-name": "todo_backend", "filename": "todo_backend/src/api/main.py", "fields": [{"name": "app = FastAPI()", "scope": "", "scopeKind": "", "description": "unavailable"}], "revision_history": [{"9": "f7fae0715c402c9dc959c8fed9728ffbd07fdcda"}]}